oven,2,89
toe fungus cream,4,91
Harness,12,36
DOOM Eternal,9,86
Grand Theft Auto V,10,51
blue fuzzy blanket,6,26
Golf Tees,9,210
Concealer,10,60
Apex Legends,3,27
Map and Compass,4,13
refrigerator,7,129
strawberry seeds,10,76
Apex Legends,1,40
Paper,1,59
Map and Compass,3,55
macOS Ventura,12,69
Pet Carrier,8,43
Omega Seamaster,2,110
motrin,3,140
intense poetry,4,75
The Hobbit,2,34
Jaeger-LeCoultre Reverso,9,50
Pet Food,1,39
toaster,6,63
Baseball Glove,1,103
Staples,5,93
The Lord of the Rings: The Fellowship of the Ring,4,46
Baseball Bat,12,109
drums,10,49
Rangefinder,7,74
Hair Conditioner,4,43
Golf Tees,12,99
Patek Philippe Nautilus,10,61
Whiteboard,10,41
Shrek,5,58
Flashlight,9,3
Sunscreen,10,28
The Lord of the Rings: The Fellowship of the Ring,12,69
Patek Philippe Nautilus,2,52
Ubuntu,4,15
Rolex Submariner,5,69
refrigerator,12,71
Sunscreen,1,41
feminine products,4,224
Moisturizer,12,23
Avengers: Endgame,6,36
Spider-Man (PS4),9,89
Pride and Prejudice,7,80
Exfoliator,1,3
Windows 11,9,98
Concealer,4,17
Portable Water Filter,5,33
Paper Clips,9,92
red plush throw pillow,11,13
motrin,10,113
big ben,1,96
Binders,5,62
oven,1,125
piano,7,80
Sleeping Bag,10,31
Grand Theft Auto V,5,44
Portable Charger,12,16
clean slate,12,37
scenic painting,5,28
Sunscreen,3,67
dishwasher,1,99
Moby-Dick,10,30
Baseball Bat,11,89
Binoculars,3,59
Pet Cleaning Wipes,1,33
Fishing Rod,12,35
Omega Seamaster,1,37
planter pots,6,91
Rangefinder,5,112
Mad Max: Fury Road,8,69
Toys,11,12
Sleeping Bag,11,8
Golf Glove,12,150
sad poetry,11,66
Camping Tent,7,48
Android,12,56
guitar,2,107
shovel,6,63
intense poetry,8,59
Golf Bag,1,65
demons,3,53
white fuzzy blanket,6,27
toaster,3,95
flute,3,127
Pet Shampoo,1,51
magnesium,9,134
Flashlight,3,39
soil,12,61
romantic poetry,6,15
Avatar,8,50
1984,12,60
Stapler,6,59
magnesium,10,81
Tennis Racket,1,136
Pet Cleaning Wipes,6,39
shovel,5,1
motrin,11,58
Audemars Piguet Royal Oak,2,38
white plush throw pillow,6,23
Volleyball,2,88
Grooming Brush,1,50
Shampoo,7,42
First Aid Kit,3,58
Avengers: Endgame,10,39
refrigerator,2,48
Baseball Glove,7,99
cello,1,104
Audemars Piguet Royal Oak,1,50
Cartier Tank,12,37
Breitling Navitimer,4,35
Windows 11,5,76
animal painting,3,82
Ubuntu,11,108
 mermaid sculpture,9,34
Baseball Bat,8,85
Body Lotion,4,17
fish oil,6,87
Jaeger-LeCoultre Reverso,11,52
Camping Chairs,12,39
oven,5,134
Adobe Photoshop,1,48
Tissot Le Locle,9,38
Nail Polish,12,37
Baseball Glove,5,135
Binders,3,38
The Great Gatsby,4,69
Map and Compass,9,32
tomato seeds,2,35
Eraser,12,35
modern sculpture,9,63
Pet Backpack,6,23
Call of Duty: Modern Warfare II,4,71
motrin,4,137
Volleyball,11,83
Pet Shampoo,4,19
refrigerator,5,136
Rolex Submariner,6,42
piano,10,121
The Catcher in the Rye,8,44
cello,6,74
Cartier Tank,8,17
Golf Bag,5,94
Windows 11,11,35
fish oil,10,82
Tennis Racket,3,50
white fuzzy blanket,12,63
Volleyball,6,119
toe fungus cream,2,90
Water Bowl,6,21
Basketball,12,75
magnesium,2,139
macOS Ventura,6,37
The Lord of the Rings: The Fellowship of the Ring,9,50
dishwasher,5,59
Highlighters,9,50
guitar,5,114
cello,4,59
Markers,3,41
Pet Gates,7,48
guitar,9,102
into the ocean,1,88
The other woman,5,82
feminine products,7,132
Backpack,9,26
The Matrix,11,20
Shrek,7,37
Patek Philippe Nautilus,6,52
Avengers: Endgame,5,23
Rangefinder,10,179
red fuzzy blanket,11,81
magnesium,5,149
Pet Bed,6,22
Cartier Tank,5,63
Binoculars,4,1
Training Pads,1,18
cello,7,52
Apex Legends,7,7
Volleyball,3,123
Toner,3,39
fish oil,3,71
iOS,8,60
Pet Food,5,14
Red Dead Redemption 2,12,36
Crime and Punishment,5,47
The Hobbit,8,72
Exfoliator,4,28
Android,1,102
Whiteboard,12,34
Map and Compass,10,34
refrigerator,10,98
War and Peace,5,25
Longines Master Collection,3,75
Basketball,1,67
into the ocean,8,85
fish oil,7,156
Baseball Bat,9,70
flute,6,87
Pet Carrier,7,19
Crime and Punishment,11,41
Golf Clubs,1,113
microwave,12,153
Water Bottle,5,33
modern sculpture,3,72
Call of Duty: Modern Warfare II,11,92
Camping Chairs,3,11
Save Willy,1,93
Breitling Navitimer,6,52
Windows 11,4,62
The Hobbit,11,64
Basketball,11,92
Golf Clubs,6,89
Tennis Racket,5,145
sad poetry,9,77
Call of Duty: Modern Warfare II,1,33
Golf Glove,3,81
Rolex Submariner,7,42
War and Peace,6,78
modern sculpture,1,43
Grand Theft Auto V,11,43
into the ocean,2,70
Baseball Glove,4,72
piano,4,103
Avengers: Endgame,12,34
Golf Glove,2,148
Adobe Photoshop,8,39
Cleanser,11,30
Food Bowl,7,30
drums,11,77
Paper,6,37
Shrek,10,51
Toys,5,7
Flashlight,8,29
Tennis Racket,7,77
Pet Crate,3,6
big ben,8,83
clean slate,2,85
clean slate,6,99
To Kill a Mockingbird,12,93
guitar,3,61
feminine products,8,101
Avengers: Endgame,7,54
romantic poetry,3,57
Folders,10,60
modern sculpture,12,56
Patek Philippe Nautilus,12,53
The Hobbit,3,36
Golf Glove,4,70
feminine products,11,37
Binoculars,12,17
scenic painting,1,65
The Legend of Zelda: Breath of the Wild,4,44
cello,10,95
Cooler,10,22
soil,6,43
refrigerator,11,74
strawberry seeds,7,64
macOS Ventura,2,70
DOOM Eternal,8,18
Save Willy,3,105
oven,6,118
Body Lotion,1,33
Tissot Le Locle,10,15
Golf Clubs,12,63
Assassin's Creed Valhalla,2,38
Blade Runner 2049,4,55
Folders,6,29
Mission: Impossible � Fallout,2,24
The Catcher in the Rye,5,89
Pet Gates,5,32
The Hobbit,10,59
Golf Balls,9,36
Tag Heuer Carrera,9,11
Overwatch 2,12,71
modern sculpture,10,61
vanilla candle,11,47
Patek Philippe Nautilus,8,46
magnesium,4,160
white plush throw pillow,5,39
Golf Bag,8,107
Notebooks,9,32
microwave,3,145
War and Peace,12,56
The Lord of the Rings: The Fellowship of the Ring,7,62
piano,6,131
clean slate,10,93
Shrek,1,43
cello,2,53
To Kill a Mockingbird,10,65
big ben,2,134
big ben,10,63
Foundation,10,8
Adobe Photoshop,6,117
Pet Nail Clippers,3,28
Golf Balls,3,77
Patek Philippe Nautilus,4,33
Basketball,6,113
clean slate,3,111
Pet Bed,2,40
Nail Polish,2,22
Baseball Glove,3,115
Volleyball,8,137
advil,5,116
iOS,12,85
Face Mask,8,74
Fishing Rod,3,73
Ubuntu,8,76
Stapler,4,40
Golf Clubs,11,154
Save Willy,6,127
Star Wars: Episode IV - A New Hope,12,64
Water Bowl,4,11
Hiking Boots,3,25
Pet Crate,12,77
Cat Litter,6,26
Food Bowl,5,22
vanilla candle,8,61
Makeup Remover,4,31
Foundation,8,18
War and Peace,3,42
Golf Glove,1,42
Lipstick,6,21
vanilla candle,3,25
Lipstick,10,50
Pens,2,50
microwave,11,143
Save Willy,9,100
Inception,1,48
Binders,1,58
demons,1,81
Battlefield 2042,5,70
Pride and Prejudice,8,154
 mermaid sculpture,2,102
Ubuntu,2,71
Leash,2,3
The Legend of Zelda: Breath of the Wild,9,56
Fedora,7,76
romantic poetry,1,36
Lipstick,7,55
toe fungus cream,10,105
Grand Theft Auto V,4,35
clean slate,8,89
white fuzzy blanket,7,69
Grooming Brush,7,44
1984,3,39
Collar,6,9
Assassin's Creed Valhalla,7,73
dishwasher,12,68
Adobe Photoshop,10,93
Collar,8,21
animal painting,5,46
Blade Runner 2049,10,91
toaster,2,61
Markers,5,9
The Catcher in the Rye,12,39
Golf Balls,5,82
drums,1,58
modern sculpture,4,77
Tissot Le Locle,11,26
soil,11,20
Moisturizer,10,28
modern sculpture,11,110
Soccer Ball,1,158
conga,3,42
Training Pads,9,20
Overwatch 2,8,68
Pet Food,3,3
The Lord of the Rings,7,64
Blade Runner 2049,3,43
Hiking Boots,5,39
Hiking Boots,6,1
Inception,10,44
IWC Pilot�s Watch,12,37
Pet Carrier Bag,8,17
Golf Tees,8,61
Highlighters,1,41
Eyeshadow,4,33
Battlefield 2042,9,70
intense poetry,7,120
into the ocean,4,54
Golf Tees,3,129
cello,5,87
Android,3,155
Longines Master Collection,1,72
Cleanser,1,14
Omega Seamaster,10,85
Water Bowl,1,30
Golf Glove,11,46
Baseball Glove,8,149
Basketball,8,42
toaster,5,64
Golf Balls,12,73
Baseball Glove,9,41
Blush,9,34
Fedora,2,102
animal painting,11,17
sad poetry,7,75
conga,2,97
conga,8,92
Shampoo,5,12
Hair Conditioner,3,92
1984,4,35
Pride and Prejudice,1,57
Grand Theft Auto V,12,50
Jurassic Park,9,58
Grand Theft Auto V,1,4
The Lord of the Rings,9,52
Android,4,94
scenic painting,10,35
Whiteboard,11,45
white fuzzy blanket,2,49
big ben,5,72
flute,11,101
Nail Polish,10,7
Eraser,6,31
Windows 11,3,105
toaster,10,153
motrin,6,94
Apex Legends,9,89
microwave,10,184
Apex Legends,12,51
Soccer Ball,4,58
fish oil,5,48
Soccer Ball,3,68
Portable Water Filter,11,24
floral painting,6,97
Cat Litter,5,40
refrigerator,6,111
Fishing Tackle,11,25
Volleyball,5,116
romantic poetry,8,68
Pet Crate,5,11
advil,10,21
conga,6,106
Basketball,7,141
modern sculpture,6,65
Windows 11,6,144
Lantern,9,21
Soccer Ball,8,143
shovel,10,63
Battlefield 2042,2,82
big ben,3,55
The Hobbit,7,56
To Kill a Mockingbird,8,106
Adobe Photoshop,11,67
DOOM Eternal,6,23
Training Pads,7,39
Omega Speedmaster Professional,12,12
Cartier Tank,1,63
Tag Heuer Carrera,5,43
Whiteboard,1,1
Breitling Navitimer,1,82
Scratching Post,8,18
Rangefinder,1,110
Rolex Submariner,8,49
Red Dead Redemption 2,8,17
Overwatch 2,5,37
Baseball Bat,5,89
dishwasher,4,131
Spider-Man (PS4),1,52
Battlefield 2042,11,111
Basketball,10,97
Portable Charger,11,18
Lantern,1,53
Inception,8,111
Perfume,4,18
Jurassic Park,2,30
Notebooks,6,21
Perfume,6,42
Stapler,5,35
Fedora,10,71
planter pots,11,3
microwave,7,177
The other woman,9,82
Eyeshadow,5,52
Volleyball,10,92
IWC Pilot�s Watch,11,41
Foundation,5,35
Baseball Bat,3,107
red plush throw pillow,7,52
Blush,6,26
Soccer Ball,12,76
macOS Ventura,5,86
The other woman,11,126
piano,2,159
iOS,7,78
Cooler,8,51
Concealer,6,25
Ubuntu,3,70
oven,4,94
toe fungus cream,5,113
Whiteboard Markers,4,15
fish oil,2,87
Avatar,3,103
flute,4,79
 mermaid sculpture,3,60
Pet Nail Clippers,1,23
Eraser,10,27
War and Peace,1,93
conga,10,119
Golf Balls,8,76
Portable Water Filter,10,36
motrin,12,87
blackberry seeds,3,73
Lipstick,9,46
War and Peace,7,48
conga,5,135
toaster,7,156
Golf Tees,5,62
Serum,5,16
blackberry seeds,2,31
The other woman,12,49
guitar,1,39
Highlighters,12,34
Omega Seamaster,8,42
Paper Clips,6,28
Jaeger-LeCoultre Reverso,10,89
Baseball Bat,6,99
drums,6,53
Golf Balls,6,90
Mad Max: Fury Road,12,40
toaster,12,75
Pet Gates,2,20
The Legend of Zelda: Breath of the Wild,5,32
Grand Theft Auto V,8,72
Jurassic Park,11,45
Pet Cleaning Wipes,12,63
toe fungus cream,12,66
Whiteboard Markers,11,49
Body Lotion,7,32
Leash,3,38
Omega Seamaster,9,6
magnesium,7,71
into the ocean,12,34
Pencils,10,39
Face Mask,3,40
Overwatch 2,10,12
Staples,1,54
advil,2,71
blue fuzzy blanket,10,65
Longines Master Collection,2,50
Golf Glove,6,64
Spider-Man (PS4),11,29
The Dark Knight,4,42
flute,5,68
Moby-Dick,4,43
advil,12,76
Highlighters,6,32
1984,8,124
The Legend of Zelda: Breath of the Wild,3,58
Pet Food,2,19
Collar,4,8
DOOM Eternal,5,47
piano,5,78
iOS,5,143
Soccer Ball,7,111
Staples,7,35
refrigerator,4,117
Apex Legends,8,67
cello,8,100
red plush throw pillow,1,44
Horizon Forbidden West,12,54
Inception,5,45
Blade Runner 2049,12,91
white plush throw pillow,3,28
The Dark Knight,11,9
Harness,7,39
magnesium,12,74
Camping Stove,2,37
Mad Max: Fury Road,1,21
Paper Clips,2,28
Backpack,8,36
Pet Crate,6,9
Counter-Strike: Global Offensive,8,24
Moisturizer,6,25
Soccer Ball,10,28
Star Wars: Episode IV - A New Hope,11,54
Whiteboard,7,66
Tennis Racket,12,81
toaster,1,62
demons,2,69
Pet Shampoo,12,39
Call of Duty: Modern Warfare II,10,36
dishwasher,2,68
Whiteboard Markers,8,74
Pet Carrier Bag,12,27
Fedora,5,137
strawberry seeds,6,28
Campfire Grill,1,46
blue fuzzy blanket,3,31
Crime and Punishment,4,46
Windows 11,10,115
Toner,1,12
Patek Philippe Nautilus,11,66
red fuzzy blanket,1,40
drums,4,82
iOS,6,87
refrigerator,3,174
floral painting,9,36
microwave,9,108
Battlefield 2042,4,33
Longines Master Collection,6,68
Pet Carrier,9,67
Counter-Strike: Global Offensive,7,36
Rolex Submariner,4,5
motrin,7,74
The Dark Knight,6,40
romantic poetry,4,81
oven,3,116
Horizon Forbidden West,8,35
Bug Spray,2,13
Pencils,8,51
advil,9,120
Pride and Prejudice,11,17
motrin,9,75
Feeding Station,1,17
Folders,1,1
Battlefield 2042,3,31
Markers,6,55
Rangefinder,11,45
Fedora,6,59
Rangefinder,8,49
blue fuzzy blanket,8,19
Food Bowl,11,14
Spider-Man (PS4),7,34
feminine products,9,40
Rubber Bands,6,46
Volleyball,9,122
floral painting,5,64
Pet Crate,9,32
Hair Conditioner,9,20
Whiteboard Markers,5,34
Mission: Impossible � Fallout,11,110
Markers,10,40
drums,8,136
Scratching Post,3,10
Outdoor Clothing,7,12
Baseball Bat,1,73
Hair Conditioner,6,15
Rangefinder,12,78
Golf Bag,9,56
Battlefield 2042,8,41
magnesium,6,80
dishwasher,6,94
into the ocean,9,130
red fuzzy blanket,4,23
Android,10,96
fish oil,8,111
The other woman,1,58
 mermaid sculpture,1,47
The Dark Knight,9,27
Pride and Prejudice,5,96
Golf Tees,7,101
Star Wars: Episode IV - A New Hope,2,53
The Hobbit,4,54
To Kill a Mockingbird,6,63
First Aid Kit,6,6
feminine products,6,48
guitar,4,151
scenic painting,4,33
Fishing Rod,5,19
Backpack,2,45
Fire Starter,10,2
Paper Clips,5,45
demons,5,56
Staples,11,70
Whiteboard Markers,3,16
white plush throw pillow,7,55
Binders,9,38
Baseball Glove,11,84
Golf Balls,1,98
Fedora,4,87
modern sculpture,2,83
Red Dead Redemption 2,7,58
advil,8,151
Whiteboard Markers,10,21
Blade Runner 2049,5,42
Scratching Post,11,47
advil,11,67
War and Peace,9,44
Tissot Le Locle,5,61
Pet Carrier Bag,5,12
Mission: Impossible � Fallout,12,51
Moby-Dick,11,98
The other woman,10,47
piano,12,104
Markers,4,4
into the ocean,3,77
Outdoor Clothing,1,20
intense poetry,9,56
The Matrix,6,51
Eraser,2,55
white plush throw pillow,4,28
Cartier Tank,9,36
feminine products,2,150
The Lord of the Rings: The Fellowship of the Ring,2,21
animal painting,2,45
Overwatch 2,6,4
Sunscreen,11,12
microwave,8,108
floral painting,7,102
Overwatch 2,2,44
Litter Box,10,23
Mission: Impossible � Fallout,9,40
Camping Stove,10,59
macOS Ventura,1,84
Omega Speedmaster Professional,8,32
white fuzzy blanket,9,41
macOS Ventura,7,36
Pet Carrier Bag,7,46
Red Dead Redemption 2,11,15
guitar,12,174
Golf Clubs,7,75
drums,9,87
microwave,6,60
motrin,1,72
Water Bowl,9,14
Golf Balls,7,77
Face Mask,2,6
Leash,7,42
Sunscreen,4,62
scenic painting,7,68
Exfoliator,9,67
Eraser,9,47
Multi-tool,2,12
Blush,10,59
Inception,9,29
Avatar,7,25
Eraser,4,42
red plush throw pillow,10,58
Pet Carrier,6,41
big ben,4,111
Save Willy,7,25
Binders,2,24
clean slate,5,47
Makeup Remover,5,26
intense poetry,1,83
Android,8,75
Moisturizer,4,20
Blade Runner 2049,1,44
Serum,9,43
red fuzzy blanket,7,71
Pet Food,9,30
sad poetry,8,57
Folders,4,49
Golf Bag,7,68
scenic painting,2,95
demons,9,73
Volleyball,4,38
red plush throw pillow,4,50
Highlighters,10,40
Sunscreen,2,71
Save Willy,5,55
animal painting,1,116
into the ocean,7,83
advil,4,7
citrus candle,9,33
Sleeping Pad,5,52
The Matrix,2,16
Fishing Tackle,12,25
Guardians of the Galaxy,12,72
Tennis Racket,11,79
flute,1,60
To Kill a Mockingbird,9,57
floral painting,12,30
Android,2,123
tomato seeds,3,88
Tennis Racket,9,96
blue fuzzy blanket,4,16
conga,1,130
Baseball Bat,7,77
iOS,1,56
Paper,4,62
Tissot Le Locle,3,98
Golf Tees,11,88
Paper Clips,10,36
sad poetry,12,56
Omega Seamaster,6,74
Golf Glove,10,119
Avengers: Endgame,3,22
Collar,9,26
blue plush throw pillow,12,10
Omega Speedmaster Professional,4,70
Baseball Bat,2,132
blackberry seeds,4,34
Face Mask,5,13
Star Wars: Episode IV - A New Hope,5,55
Soccer Ball,2,57
drums,2,29
Basketball,5,90
Avengers: Endgame,9,51
Grand Theft Auto V,3,65
Sleeping Pad,1,20
Makeup Remover,1,27
Feeding Station,8,53
scenic painting,11,41
Mascara,6,19
Golf Clubs,10,69
Longines Master Collection,12,48
Concealer,9,55
toe fungus cream,8,108
red fuzzy blanket,8,39
toe fungus cream,7,87
Jaeger-LeCoultre Reverso,8,17
Cartier Tank,11,82
white fuzzy blanket,1,41
The Great Gatsby,1,44
Golf Clubs,8,97
oven,8,115
Map and Compass,6,3
Notebooks,8,57
The Lord of the Rings,4,34
Overwatch 2,1,56
Pet Brush,12,35
Toner,12,23
conga,12,75
Binoculars,2,29
Golf Balls,11,92
toaster,9,127
Jaeger-LeCoultre Reverso,2,36
Golf Clubs,4,57
Pet Shampoo,11,32
Food Bowl,2,35
Rolex Submariner,1,50
shovel,12,24
microwave,4,106
iOS,4,85
modern sculpture,7,41
Toner,8,30
Eyeshadow,11,16
Grand Theft Auto V,7,69
Rubber Bands,8,49
Lantern,8,20
Tag Heuer Carrera,3,12
Makeup Remover,7,12
demons,12,52
romantic poetry,9,8
Audemars Piguet Royal Oak,8,23
1984,5,25
tomato seeds,7,76
Eyeliner,2,6
Jaeger-LeCoultre Reverso,1,72
toe fungus cream,11,64
planter pots,9,17
Cleanser,4,18
magnesium,3,38
Breitling Navitimer,11,45
Jaeger-LeCoultre Reverso,12,6
Windows 11,7,118
soil,1,15
Fire Starter,9,27
War and Peace,8,31
The Lord of the Rings,10,19
DOOM Eternal,10,3
Basketball,9,41
Golf Clubs,5,109
Pens,3,36
Tag Heuer Carrera,11,22
Portable Charger,10,39
The Lord of the Rings,12,60
Pet Carrier Bag,11,43
Rangefinder,9,62
toaster,8,80
Campfire Grill,5,17
Baseball Glove,10,112
red fuzzy blanket,12,7
citrus candle,4,50
Assassin's Creed Valhalla,5,78
Golf Balls,2,143
clean slate,7,73
Battlefield 2042,10,80
Eyeshadow,7,57
Audemars Piguet Royal Oak,10,12
Camping Stove,12,11
vanilla candle,5,17
Rangefinder,3,112
Training Pads,3,29
The Hobbit,5,47
Staples,8,37
dishwasher,10,58
Exfoliator,6,32
Binders,11,19
The Matrix,1,53
red plush throw pillow,12,28
Pet Brush,1,34
macOS Ventura,10,67
Pencils,11,48
Campfire Grill,12,24
microwave,5,85
Scratching Post,4,21
white plush throw pillow,12,37
Android,5,107
Camping Stove,6,18
Eraser,3,32
Paper Clips,11,32
Pet Backpack,1,32
Harness,4,5
toe fungus cream,3,14
into the ocean,10,42
1984,6,68
Save Willy,12,22
flute,8,53
Cooler,9,1
toe fungus cream,9,86
Pens,1,15
Blade Runner 2049,7,77
Stapler,11,42
Pet Gates,11,24
Shrek,3,61
Grooming Brush,12,66
The Lord of the Rings,5,31
Harness,8,33
Sleeping Bag,4,2
Tissot Le Locle,7,32
Counter-Strike: Global Offensive,1,40
Golf Glove,8,103
Bug Spray,7,22
motrin,2,68
Collar,11,30
The Matrix,5,65
animal painting,8,44
Whiteboard,3,101
macOS Ventura,4,104
Windows 11,12,78
Tag Heuer Carrera,8,7
Pens,8,5
magnesium,1,62
Call of Duty: Modern Warfare II,2,69
floral painting,11,73
Windows 11,1,57
intense poetry,2,60
Android,9,108
Baseball Glove,12,17
demons,6,68
clean slate,11,61
white plush throw pillow,1,50
Portable Water Filter,3,27
refrigerator,9,135
Highlighters,2,18
toaster,4,77
Pet Nail Clippers,5,17
animal painting,9,53
clean slate,1,36
Baseball Bat,4,77
Apex Legends,10,50
piano,1,49
fish oil,11,132
Pride and Prejudice,4,49
Rubber Bands,4,52
Mad Max: Fury Road,4,91
Food Bowl,1,45
Toys,2,41
Campfire Grill,6,22
Whiteboard Markers,1,19
animal painting,7,45
Ubuntu,5,46
Litter Box,4,48
Golf Bag,6,40
Volleyball,7,86
fish oil,9,76
The Legend of Zelda: Breath of the Wild,1,63
Pet Brush,8,42
blue plush throw pillow,1,40
tomato seeds,8,43
conga,4,34
Shrek,12,40
Outdoor Clothing,9,8
planter pots,4,54
Toner,6,60
Exfoliator,5,28
intense poetry,3,8
Scratching Post,10,30
Red Dead Redemption 2,1,37
Camping Chairs,8,15
Foundation,1,56
Golf Bag,12,78
Counter-Strike: Global Offensive,5,52
Moby-Dick,5,75
Moisturizer,2,19
Staples,4,33
Rangefinder,4,85
Pet Cleaning Wipes,11,12
scenic painting,8,65
floral painting,10,97
Pet Food,6,14
Collar,10,104
red plush throw pillow,6,51
floral painting,1,34
Food Bowl,8,31
Nail Polish,8,34
Mascara,5,6
Avatar,11,27
Inception,3,48
Blush,1,42
Call of Duty: Modern Warfare II,7,58
Nail Polish,4,28
Rangefinder,6,37
The Hobbit,9,45
Golf Tees,2,133
Omega Speedmaster Professional,11,33
Grooming Brush,3,32
DOOM Eternal,4,34
To Kill a Mockingbird,4,25
The Catcher in the Rye,2,70
The Lord of the Rings,11,20
Sleeping Bag,12,16
cello,11,63
advil,6,90
Feeding Station,9,22
Moisturizer,11,31
blue fuzzy blanket,1,56
Golf Clubs,3,46
Paper,7,71
Cooler,7,28
Camping Stove,7,35
Fire Starter,5,21
Inception,2,86
Mission: Impossible � Fallout,7,30
conga,7,143
Save Willy,11,104
Portable Charger,6,5
Binders,4,40
Cartier Tank,4,57
Windows 11,8,68
Assassin's Creed Valhalla,11,34
 mermaid sculpture,12,65
Mission: Impossible � Fallout,1,65
Longines Master Collection,7,51
To Kill a Mockingbird,7,1
soil,3,52
Breitling Navitimer,12,44
Counter-Strike: Global Offensive,2,59
iOS,11,20
Pet Cleaning Wipes,2,11
Spider-Man (PS4),6,49
First Aid Kit,10,33
Tennis Racket,10,106
blue fuzzy blanket,9,24
Pet Carrier,10,5
Avatar,5,62
Call of Duty: Modern Warfare II,9,23
planter pots,5,24
big ben,7,53
Baseball Bat,10,75
demons,10,59
Pet Food,10,38
Hiking Boots,4,15
Breitling Navitimer,8,39
big ben,9,74
Lantern,5,35
Folders,9,60
big ben,12,59
magnesium,8,106
Save Willy,8,46
Save Willy,2,38
strawberry seeds,12,18
Ubuntu,7,98
Feeding Station,12,36
Stapler,8,71
Rolex Submariner,12,71
Golf Tees,4,118
The Great Gatsby,7,91
Crime and Punishment,6,31
Pet Nail Clippers,11,11
Lantern,10,27
tomato seeds,12,21
The Legend of Zelda: Breath of the Wild,10,26
Dental Chews,10,32
Portable Charger,8,44
Eraser,1,12
white fuzzy blanket,10,37
planter pots,1,51
DOOM Eternal,7,44
Tennis Racket,6,73
Dental Chews,9,23
Breitling Navitimer,7,62
soil,9,31
Assassin's Creed Valhalla,10,51
intense poetry,6,58
shovel,7,33
The Lord of the Rings: The Fellowship of the Ring,3,86
Pet Bed,5,32
Folders,7,29
Counter-Strike: Global Offensive,4,34
Cat Litter,4,25
tomato seeds,4,24
Exfoliator,12,18
Red Dead Redemption 2,2,39
Pet Nail Clippers,10,23
The Hobbit,12,61
iOS,9,122
Star Wars: Episode IV - A New Hope,4,11
Hair Conditioner,12,25
Pride and Prejudice,2,18
Shampoo,8,8
animal painting,4,67
Markers,9,14
Jurassic Park,1,66
Hair Conditioner,8,43
The Great Gatsby,11,22
Red Dead Redemption 2,10,85
Patek Philippe Nautilus,5,37
Golf Tees,6,55
Pet Cleaning Wipes,5,11
toaster,11,108
Guardians of the Galaxy,11,18
The Great Gatsby,6,41
Whiteboard,4,20
Body Lotion,6,20
Water Bottle,9,14
modern sculpture,5,55
iOS,2,49
Ubuntu,10,60
Golf Glove,7,96
Soccer Ball,11,67
Mad Max: Fury Road,2,49
Cartier Tank,2,41
War and Peace,11,49
Tag Heuer Carrera,7,50
Avengers: Endgame,1,10
blackberry seeds,8,66
The Great Gatsby,10,44
 mermaid sculpture,11,56
Rubber Bands,10,39
Pens,10,19
To Kill a Mockingbird,5,45
Makeup Remover,3,51
Golf Tees,10,118
Counter-Strike: Global Offensive,12,19
Sleeping Pad,10,13
The Matrix,4,47
Cleanser,10,16
Pet Bed,4,20
Cartier Tank,6,12
magnesium,11,96
Sleeping Bag,2,24
Toys,6,15
guitar,10,108
Golf Bag,11,72
The other woman,2,96
Dental Chews,5,19
Concealer,5,31
Fishing Rod,2,36
The Hobbit,1,31
demons,8,53
War and Peace,4,28
Adobe Photoshop,12,62
flute,2,45
Tissot Le Locle,12,41
Red Dead Redemption 2,3,83
Notebooks,4,22
Blade Runner 2049,11,64
Fishing Tackle,5,34
 mermaid sculpture,8,61
Counter-Strike: Global Offensive,10,46
dishwasher,11,118
Fedora,12,91
sad poetry,2,55
The Dark Knight,2,71
conga,9,77
Dental Chews,8,27
Notebooks,1,23
Mascara,3,12
Ubuntu,1,68
Omega Speedmaster Professional,5,28
Highlighters,11,54
Rubber Bands,9,41
shovel,3,27
guitar,7,106
Highlighters,3,43
scenic painting,3,74
Longines Master Collection,8,40
Pride and Prejudice,12,66
Scratching Post,7,20
Audemars Piguet Royal Oak,5,46
guitar,8,63
 mermaid sculpture,7,63
Lantern,4,32
Save Willy,10,84
The Lord of the Rings: The Fellowship of the Ring,6,103
Leash,11,31
Red Dead Redemption 2,5,113
Multi-tool,4,10
Serum,2,31
oven,12,118
Horizon Forbidden West,2,67
clean slate,4,96
To Kill a Mockingbird,2,55
demons,7,67
Avatar,6,63
Cat Litter,9,17
Dental Chews,12,46
red plush throw pillow,9,24
Outdoor Clothing,6,18
Golf Glove,5,64
Crime and Punishment,9,40
refrigerator,1,53
Eyeliner,1,13
Android,11,87
1984,1,56
Audemars Piguet Royal Oak,12,76
drums,5,83
Golf Bag,4,78
Star Wars: Episode IV - A New Hope,6,52
Binders,12,9
Shrek,11,56
Omega Speedmaster Professional,7,83
Fishing Tackle,6,26
blue plush throw pillow,5,80
drums,7,163
Avatar,1,68
Spider-Man (PS4),5,32
strawberry seeds,5,31
soil,7,1
Mission: Impossible � Fallout,4,46
Lipstick,3,13
Water Bottle,12,23
Perfume,3,6
Horizon Forbidden West,1,68
Bug Spray,6,5
conga,11,49
Sleeping Bag,8,20
The Lord of the Rings,6,36
Omega Seamaster,7,87
Longines Master Collection,10,38
Whiteboard Markers,9,46
macOS Ventura,9,56
Stapler,3,9
guitar,6,38
Shampoo,11,7
feminine products,12,56
The Matrix,3,87
Inception,7,58
Adobe Photoshop,9,89
Blush,5,46
Pet Gates,1,44
Backpack,4,25
vanilla candle,1,26
flute,9,88
Multi-tool,12,18
blue plush throw pillow,11,55
Counter-Strike: Global Offensive,6,48
Tennis Racket,4,104
Pet Backpack,11,4
Golf Glove,9,39
Tissot Le Locle,6,29
DOOM Eternal,1,65
Pet Brush,11,16
Audemars Piguet Royal Oak,9,56
Rubber Bands,7,60
tomato seeds,5,48
DOOM Eternal,12,15
Pencils,7,40
Notebooks,2,13
Jurassic Park,6,73
Golf Clubs,9,37
Eraser,8,48
dishwasher,7,143
Cooler,11,34
Call of Duty: Modern Warfare II,3,57
tomato seeds,10,66
Binoculars,5,4
red plush throw pillow,8,47
Map and Compass,1,48
Cat Litter,10,8
advil,3,70
Water Bottle,2,28
Shrek,6,65
Camping Chairs,6,20
Moby-Dick,1,59
Patek Philippe Nautilus,1,64
Map and Compass,5,32
Cat Litter,12,47
The other woman,8,53
Eyeshadow,6,42
modern sculpture,8,102
motrin,8,57
Staples,10,25
Audemars Piguet Royal Oak,7,58
blue fuzzy blanket,12,19
Campfire Grill,4,58
animal painting,6,46
Stapler,12,16
Crime and Punishment,7,22
drums,3,19
Sleeping Pad,7,17
Markers,11,7
piano,8,111
romantic poetry,10,66
Longines Master Collection,11,23
Basketball,2,83
The other woman,4,76
Camping Chairs,5,52
Cat Litter,3,22
The Great Gatsby,9,16
advil,1,105
Tag Heuer Carrera,2,61
Overwatch 2,4,44
Call of Duty: Modern Warfare II,12,55
Inception,6,57
Shampoo,10,24
Golf Bag,2,50
cello,12,55
Portable Charger,5,34
Crime and Punishment,2,29
Moby-Dick,8,27
Shrek,2,61
Soccer Ball,9,25
Shampoo,6,25
Binders,8,31
Mascara,4,15
Cooler,1,7
Fire Starter,6,19
The Lord of the Rings: The Fellowship of the Ring,10,15
flute,12,69
Horizon Forbidden West,11,58
Face Mask,1,95
Audemars Piguet Royal Oak,11,22
citrus candle,2,26
IWC Pilot�s Watch,7,15
Leash,5,42
Fire Starter,4,15
IWC Pilot�s Watch,10,43
Jurassic Park,7,59
Horizon Forbidden West,4,41
vanilla candle,9,38
Grooming Brush,6,20
Cartier Tank,3,28
DOOM Eternal,11,65
vanilla candle,4,100
Assassin's Creed Valhalla,4,22
Rubber Bands,12,48
soil,4,25
iOS,3,79
Shrek,4,116
Call of Duty: Modern Warfare II,5,47
Fire Starter,11,49
Volleyball,12,61
Windows 11,2,68
Scratching Post,6,16
Star Wars: Episode IV - A New Hope,8,50
Omega Seamaster,4,27
The Catcher in the Rye,10,45
Water Bowl,3,20
Mad Max: Fury Road,3,30
Pet Gates,4,10
Moby-Dick,7,44
Fishing Tackle,8,15
Bug Spray,3,17
Shrek,9,78
Pet Clothes,7,26
Pet Shampoo,10,11
The other woman,7,60
Concealer,11,36
piano,3,35
Water Bottle,3,14
dishwasher,3,53
Assassin's Creed Valhalla,9,42
Pencils,1,26
Eyeshadow,1,25
into the ocean,5,32
Counter-Strike: Global Offensive,9,46
Paper,2,24
Jaeger-LeCoultre Reverso,3,32
The Dark Knight,3,39
oven,7,84
Fedora,11,86
Battlefield 2042,6,56
Star Wars: Episode IV - A New Hope,1,22
Golf Bag,3,36
Audemars Piguet Royal Oak,3,33
Star Wars: Episode IV - A New Hope,7,33
Exfoliator,10,42
Hiking Boots,7,56
Star Wars: Episode IV - A New Hope,9,16
feminine products,10,58
Pens,9,1
Fishing Tackle,3,49
Pens,6,78
Litter Box,3,56
into the ocean,6,146
Blade Runner 2049,6,65
Pride and Prejudice,3,77
Crime and Punishment,1,23
Fishing Rod,7,42
Foundation,7,42
shovel,1,26
romantic poetry,5,16
Pride and Prejudice,9,13
Camping Tent,8,23
1984,7,32
blue plush throw pillow,2,28
Avatar,9,23
Paper Clips,4,18
Pet Brush,3,26
The Great Gatsby,12,55
Lipstick,5,8
Overwatch 2,3,93
 mermaid sculpture,10,20
blackberry seeds,12,24
oven,9,83
shovel,4,27
tomato seeds,9,30
Body Lotion,2,56
The Dark Knight,12,37
Eraser,5,56
dishwasher,8,42
Litter Box,8,8
Mad Max: Fury Road,7,78
Pencils,2,28
blue plush throw pillow,9,38
Bug Spray,9,16
Pet Shampoo,9,28
Face Mask,10,33
macOS Ventura,3,107
The Hobbit,6,47
Notebooks,3,40
guitar,11,123
citrus candle,3,10
romantic poetry,12,96
white fuzzy blanket,4,65
scenic painting,6,42
Face Mask,7,47
Paper Clips,1,20
red plush throw pillow,3,20
Adobe Photoshop,7,68
Water Bottle,7,34
strawberry seeds,1,52
Blush,7,27
blackberry seeds,6,25
Pet Brush,5,39
Breitling Navitimer,10,41
Water Bottle,10,10
Staples,3,37
shovel,2,44
piano,9,146
The Lord of the Rings,2,36
Patek Philippe Nautilus,3,18
Spider-Man (PS4),2,20
blackberry seeds,10,82
tomato seeds,6,34
planter pots,8,29
Eyeshadow,9,19
Pet Nail Clippers,4,34
Camping Tent,12,10
Mad Max: Fury Road,9,32
Serum,6,19
Pencils,5,20
Shampoo,1,68
red plush throw pillow,2,24
cello,9,73
Baseball Glove,6,58
refrigerator,8,84
Hair Conditioner,11,13
The Catcher in the Rye,9,25
Pet Food,8,54
Baseball Glove,2,74
Outdoor Clothing,5,32
Battlefield 2042,7,58
blue plush throw pillow,3,29
The other woman,3,59
IWC Pilot�s Watch,9,23
soil,10,41
Guardians of the Galaxy,8,47
Adobe Photoshop,3,27
Ubuntu,9,56
Cooler,3,43
vanilla candle,10,48
Portable Water Filter,4,15
Mission: Impossible � Fallout,5,73
flute,10,57
Pet Carrier,3,14
Cleanser,9,25
Adobe Photoshop,5,128
Cartier Tank,7,62
sad poetry,3,78
Sleeping Bag,1,6
Food Bowl,9,34
Golf Bag,10,45
The Matrix,7,39
Moby-Dick,12,35
Avengers: Endgame,4,63
Eraser,7,15
Omega Seamaster,3,30
Android,7,57
Binoculars,6,35
Sleeping Bag,9,21
blue plush throw pillow,7,13
Shrek,8,73
Pencils,6,18
planter pots,7,41
Cooler,2,33
Cleanser,8,16
Crime and Punishment,3,16
Paper Clips,8,34
citrus candle,7,26
fish oil,1,79
Rubber Bands,3,12
Folders,3,60
War and Peace,10,30
blue fuzzy blanket,7,27
Pet Brush,9,10
Foundation,2,20
Spider-Man (PS4),3,97
Mission: Impossible � Fallout,10,73
Cartier Tank,10,27
 mermaid sculpture,5,61
Sunscreen,5,35
Grooming Brush,8,20
IWC Pilot�s Watch,3,67
soil,5,30
The Lord of the Rings,8,23
IWC Pilot�s Watch,4,27
Litter Box,11,16
Campfire Grill,11,29
Body Lotion,11,46
demons,11,28
Tissot Le Locle,2,13
shovel,9,20
Pet Nail Clippers,6,34
advil,7,18
into the ocean,11,88
Sunscreen,6,31
Tennis Racket,2,52
To Kill a Mockingbird,3,25
Tennis Racket,8,106
Notebooks,5,58
Pet Nail Clippers,8,20
Cooler,12,9
Binoculars,9,50
Pet Gates,9,3
Pet Clothes,8,53
planter pots,3,75
Notebooks,10,44
Folders,8,27
Perfume,1,49
Assassin's Creed Valhalla,3,65
The Lord of the Rings: The Fellowship of the Ring,8,52
Fedora,9,31
blue fuzzy blanket,11,41
tomato seeds,1,54
drums,12,84
Harness,10,37
Scratching Post,1,20
1984,2,24
Spider-Man (PS4),10,2
Crime and Punishment,8,59
The Dark Knight,8,31
Collar,2,32
Save Willy,4,30
Tag Heuer Carrera,6,20
Concealer,1,16
Fedora,8,56
Inception,12,42
demons,4,50
iOS,10,62
Omega Speedmaster Professional,1,8
Pet Cleaning Wipes,9,4
blackberry seeds,5,37
The Dark Knight,10,20
Grand Theft Auto V,9,49
Sleeping Pad,4,11
Pens,7,35
oven,10,82
Omega Speedmaster Professional,6,26
Pet Shampoo,5,21
Guardians of the Galaxy,1,91
Apex Legends,6,32
Eyeliner,7,25
Avatar,4,27
Fishing Rod,1,14
Dental Chews,1,18
clean slate,9,21
War and Peace,2,34
Hair Conditioner,5,28
intense poetry,5,51
Rubber Bands,5,66
feminine products,1,78
IWC Pilot�s Watch,1,8
piano,11,123
white plush throw pillow,9,70
Perfume,9,35
Assassin's Creed Valhalla,6,20
Tag Heuer Carrera,10,25
sad poetry,1,22
IWC Pilot�s Watch,8,18
Foundation,3,46
big ben,6,69
Folders,2,41
First Aid Kit,4,34
Lipstick,2,6
blue plush throw pillow,10,21
The Catcher in the Rye,6,58
motrin,5,63
Pet Crate,11,27
Collar,12,18
Eyeliner,5,29
Lipstick,1,20
Portable Water Filter,7,30
Mad Max: Fury Road,11,30
Notebooks,7,63
The Dark Knight,5,13
Fire Starter,7,15
white fuzzy blanket,5,22
Mascara,7,8
blue plush throw pillow,8,68
Litter Box,9,27
Folders,5,21
Serum,4,53
Makeup Remover,6,20
animal painting,10,49
Notebooks,11,20
Serum,11,11
scenic painting,9,39
Volleyball,1,22
Perfume,8,21
Harness,5,44
Soccer Ball,5,63
Water Bowl,2,80
Avengers: Endgame,11,22
flute,7,80
Pet Carrier Bag,2,22
cello,3,46
Blade Runner 2049,9,39
planter pots,10,15
Crime and Punishment,12,35
Training Pads,6,52
Whiteboard,2,22
Overwatch 2,9,68
Camping Chairs,10,17
Blush,12,25
Whiteboard Markers,6,41
Harness,2,20
Golf Tees,1,52
The Dark Knight,1,60
Hiking Boots,12,20
Golf Balls,10,63
Moby-Dick,3,51
Training Pads,12,41
Assassin's Creed Valhalla,12,39
Nail Polish,9,12
Paper Clips,12,43
Markers,1,41
Highlighters,4,37
big ben,11,18
Sunscreen,12,22
Apex Legends,4,23
fish oil,12,41
Pet Clothes,6,14
Stapler,1,7
Pet Gates,3,14
Camping Tent,6,2
The Lord of the Rings,1,21
1984,10,24
Call of Duty: Modern Warfare II,6,30
Shampoo,3,18
Whiteboard,5,26
Pet Carrier Bag,10,39
Horizon Forbidden West,9,68
Omega Seamaster,12,15
Pet Cleaning Wipes,7,3
sad poetry,4,20
Moby-Dick,6,14
Hiking Boots,11,12
Counter-Strike: Global Offensive,3,16
feminine products,5,89
intense poetry,12,36
Guardians of the Galaxy,4,76
To Kill a Mockingbird,1,30
Camping Chairs,4,10
Guardians of the Galaxy,9,66
Basketball,4,61
Food Bowl,3,54
Eyeliner,4,21
Sleeping Bag,5,25
Harness,3,6
Pet Gates,6,24
Basketball,3,85
Concealer,8,14
blackberry seeds,9,73
The Lord of the Rings: The Fellowship of the Ring,1,37
The Great Gatsby,5,105
Concealer,2,35
Cat Litter,11,18
scenic painting,12,61
romantic poetry,2,19
The Matrix,10,2
red fuzzy blanket,5,59
Leash,4,36
Apex Legends,2,25
Eyeliner,10,59
Pet Crate,4,9
Exfoliator,3,27
Mad Max: Fury Road,5,28
 mermaid sculpture,4,67
Serum,1,2
Rubber Bands,1,34
Tag Heuer Carrera,1,26
Lantern,11,40
floral painting,4,34
Fishing Tackle,4,33
Flashlight,2,14
First Aid Kit,5,57
Camping Stove,9,13
The Great Gatsby,3,14
Rolex Submariner,9,26
Collar,1,17
Hiking Boots,8,10
Tissot Le Locle,1,40
The other woman,6,50
Map and Compass,2,20
Pet Backpack,2,9
DOOM Eternal,3,21
Water Bowl,8,72
Paper Clips,3,37
The Legend of Zelda: Breath of the Wild,12,10
Backpack,12,16
Pet Carrier,5,22
Omega Speedmaster Professional,3,20
soil,8,46
red plush throw pillow,5,17
Outdoor Clothing,11,36
fish oil,4,34
Tag Heuer Carrera,4,38
Horizon Forbidden West,3,70
vanilla candle,2,54
Makeup Remover,11,14
Outdoor Clothing,4,28
Tag Heuer Carrera,12,28
soil,2,23
Portable Water Filter,1,6
floral painting,3,60
Guardians of the Galaxy,10,1
Sunscreen,8,12
dishwasher,9,87
red fuzzy blanket,3,27
Perfume,12,25
shovel,11,10
The Catcher in the Rye,3,41
strawberry seeds,9,37
Pet Brush,2,20
Guardians of the Galaxy,6,14
Pet Food,7,6
animal painting,12,115
Nail Polish,11,32
Bug Spray,1,20
Flashlight,4,37
Binders,7,42
Mad Max: Fury Road,10,26
Body Lotion,3,52
Android,6,31
Fishing Rod,10,7
Water Bottle,8,9
Eyeliner,8,23
Ubuntu,6,80
Eyeshadow,3,43
Fishing Rod,9,16
Collar,7,23
Portable Water Filter,9,2
Bug Spray,5,23
Collar,3,20
Makeup Remover,2,13
citrus candle,5,55
Perfume,11,36
Campfire Grill,7,11
Breitling Navitimer,5,43
Litter Box,12,8
oven,11,52
microwave,1,52
Cooler,4,16
macOS Ventura,11,40
The Dark Knight,7,67
Toys,1,26
Multi-tool,7,11
Fire Starter,8,26
IWC Pilot�s Watch,2,6
Mascara,2,27
Jaeger-LeCoultre Reverso,5,28
Rolex Submariner,2,46
Pet Food,11,22
romantic poetry,7,93
Golf Clubs,2,71
Lantern,6,13
Horizon Forbidden West,6,39
Spider-Man (PS4),4,58
Hair Conditioner,2,42
Mission: Impossible � Fallout,6,51
Pet Gates,10,16
Lipstick,4,26
Breitling Navitimer,9,16
Training Pads,5,20
Portable Charger,9,8
Backpack,6,9
Food Bowl,4,10
Stapler,2,47
citrus candle,8,23
Guardians of the Galaxy,2,33
Fire Starter,3,8
Toys,9,23
Foundation,4,80
Camping Stove,1,20
Mascara,1,11
The Legend of Zelda: Breath of the Wild,6,67
shovel,8,43
Horizon Forbidden West,10,34
Portable Water Filter,6,29
Cooler,5,34
Staples,9,15
Scratching Post,9,10
Rolex Submariner,11,7
strawberry seeds,8,33
Exfoliator,7,27
intense poetry,11,27
floral painting,8,20
Pet Nail Clippers,2,6
Serum,7,11
First Aid Kit,1,20
Longines Master Collection,5,35
Multi-tool,9,18
The Matrix,8,35
Pencils,4,6
sad poetry,6,28
The Matrix,12,31
The Legend of Zelda: Breath of the Wild,8,15
Cat Litter,1,18
Pet Backpack,3,32
Sleeping Pad,3,15
Multi-tool,3,20
white plush throw pillow,11,52
Rolex Submariner,3,39
Pet Carrier,4,22
Eyeliner,9,32
citrus candle,1,21
Avatar,2,30
Jurassic Park,5,20
Overwatch 2,11,51
Guardians of the Galaxy,7,28
Pet Brush,7,12
Backpack,1,57
First Aid Kit,12,7
vanilla candle,12,85
Pet Nail Clippers,12,1
Counter-Strike: Global Offensive,11,13
Jaeger-LeCoultre Reverso,4,14
Cleanser,2,17
romantic poetry,11,66
Eyeshadow,12,6
feminine products,3,60
Cooler,6,6
The Lord of the Rings,3,22
Omega Seamaster,11,18
Paper,10,4
Flashlight,5,3
Dental Chews,2,10
Leash,1,8
Pet Backpack,10,11
Battlefield 2042,1,44
white fuzzy blanket,8,51
Spider-Man (PS4),8,5
Longines Master Collection,4,50
Lantern,12,27
Backpack,10,21
Pet Carrier,2,18
Paper Clips,7,20
Grand Theft Auto V,2,24
Jurassic Park,4,7
Mascara,11,15
Pet Backpack,4,17
Breitling Navitimer,3,43
Paper,8,24
citrus candle,10,36
Pet Crate,8,52
Fishing Tackle,1,1
Pet Bed,12,45
red fuzzy blanket,10,39
Water Bowl,11,18
Pet Carrier Bag,6,9
Toys,4,21
toe fungus cream,6,19
Markers,7,33
Grand Theft Auto V,6,28
Camping Tent,1,8
Camping Tent,10,25
Blush,2,64
Scratching Post,12,31
Omega Seamaster,5,55
citrus candle,11,20
Toner,5,12
blue fuzzy blanket,2,34
Face Mask,4,6
Cat Litter,2,13
1984,9,35
DOOM Eternal,2,8
citrus candle,12,3
Breitling Navitimer,2,30
strawberry seeds,11,31
Notebooks,12,33
Folders,12,23
Soccer Ball,6,30
Stapler,9,7
vanilla candle,6,21
Body Lotion,9,35
The Lord of the Rings: The Fellowship of the Ring,11,53
Paper,11,18
Cleanser,12,46
Red Dead Redemption 2,4,20
Adobe Photoshop,2,62
Backpack,7,34
Pet Carrier,11,7
Blade Runner 2049,2,21
Eyeliner,6,8
Bug Spray,8,13
Perfume,10,3
Fire Starter,2,1
sad poetry,5,40
Litter Box,7,13
Cleanser,7,8
Call of Duty: Modern Warfare II,8,25
IWC Pilot�s Watch,6,47
Cat Litter,7,32
sad poetry,10,30
Body Lotion,5,34
Pride and Prejudice,10,1
toe fungus cream,1,65
Face Mask,12,10
Camping Stove,4,3
blue fuzzy blanket,5,42
Staples,2,40
Lantern,3,20
Litter Box,1,19
Jurassic Park,3,34
Pet Clothes,3,30
1984,11,5
Camping Chairs,7,24
Audemars Piguet Royal Oak,4,1
Shampoo,2,12
Paper,3,20
Feeding Station,5,18
The Great Gatsby,2,13
Sunscreen,9,55
Lantern,2,28
Foundation,6,20
Portable Water Filter,2,28
Pet Bed,3,1
Toner,10,3
Feeding Station,10,31
The Matrix,9,32
Golf Balls,4,16
Moby-Dick,9,30
Stapler,7,18
Flashlight,7,41
Backpack,5,18
Paper,5,6
Star Wars: Episode IV - A New Hope,3,14
white plush throw pillow,2,23
Rangefinder,2,54
Eyeshadow,8,9
Moisturizer,7,28
Harness,6,15
Blush,11,22
Ubuntu,12,44
Serum,12,2
Fishing Rod,6,22
Camping Tent,2,30
Sunscreen,7,62
Battlefield 2042,12,3
Campfire Grill,10,10
Binders,6,18
Camping Stove,5,6
Outdoor Clothing,3,31
Staples,12,1
Portable Water Filter,12,37
Pet Brush,6,35
red fuzzy blanket,6,13
Omega Speedmaster Professional,9,31
Spider-Man (PS4),12,17
white fuzzy blanket,3,33
blackberry seeds,11,16
Blush,4,25
Multi-tool,10,38
The Catcher in the Rye,7,22
Pet Crate,7,13
Portable Charger,7,36
Pet Nail Clippers,9,18
Pet Cleaning Wipes,3,32
Outdoor Clothing,10,27
Pens,4,44
Pet Shampoo,3,19
Fedora,3,5
Body Lotion,8,7
First Aid Kit,8,22
Map and Compass,7,30
The Great Gatsby,8,42
planter pots,12,6
Rubber Bands,2,6
Pens,5,12
Blade Runner 2049,8,20
Crime and Punishment,10,31
Nail Polish,1,21
Makeup Remover,9,48
Serum,3,9
Map and Compass,12,20
Jurassic Park,8,51
Pens,11,15
Camping Stove,3,2
Cat Litter,8,9
Makeup Remover,8,36
The Catcher in the Rye,11,52
Toner,7,2
Jurassic Park,10,14
To Kill a Mockingbird,11,18
Lipstick,8,5
Litter Box,2,38
planter pots,2,36
white fuzzy blanket,11,4
The Legend of Zelda: Breath of the Wild,2,43
Pet Shampoo,6,18
Leash,6,38
Binoculars,10,7
Pet Cleaning Wipes,4,22
Lipstick,11,28
Tissot Le Locle,4,21
Fire Starter,1,40
Face Mask,6,19
Mascara,10,8
Moisturizer,5,20
Whiteboard Markers,7,19
white plush throw pillow,10,21
Apex Legends,11,35
blue plush throw pillow,6,22
Sleeping Pad,8,16
Rolex Submariner,10,17
Foundation,11,15
Pencils,12,2
blackberry seeds,7,4
Avengers: Endgame,8,30
The Catcher in the Rye,1,50
Training Pads,4,8
floral painting,2,29
Camping Tent,3,15
Serum,8,1
Pens,12,48
Feeding Station,11,7
Outdoor Clothing,8,29
Face Mask,9,30
 mermaid sculpture,6,10
Assassin's Creed Valhalla,1,15
Fishing Tackle,9,1
Pet Carrier,12,38
Harness,11,28
Paper,9,16
Nail Polish,5,20
macOS Ventura,8,37
Highlighters,8,1
Feeding Station,4,8
Water Bottle,6,17
Body Lotion,10,24
strawberry seeds,4,21
Staples,6,26
Pet Clothes,1,17
Leash,10,10
Water Bowl,5,8
Pet Bed,7,22
Whiteboard Markers,2,50
Horizon Forbidden West,5,54
Feeding Station,3,12
Outdoor Clothing,2,14
red fuzzy blanket,9,7
Highlighters,7,15
Eyeliner,3,18
Tissot Le Locle,8,47
First Aid Kit,2,9
Pet Carrier Bag,1,17
Foundation,9,8
Face Mask,11,25
Pet Carrier Bag,4,1
Pet Bed,10,35
Fedora,1,33
Camping Chairs,1,21
Mascara,8,27
The Legend of Zelda: Breath of the Wild,11,4
Pet Clothes,5,32
Highlighters,5,20
Toys,12,3
Dental Chews,4,45
Pet Clothes,10,13
Eyeshadow,10,19
Overwatch 2,7,36
Pet Clothes,9,16
Hiking Boots,9,13
Pet Crate,10,29
Pet Cleaning Wipes,8,4
microwave,2,29
Avatar,12,11
Star Wars: Episode IV - A New Hope,10,40
Grooming Brush,11,2
Moisturizer,9,3
Pet Food,4,19
Avengers: Endgame,2,17
Sleeping Bag,3,8
citrus candle,6,3
Blush,8,18
Grooming Brush,2,2
Flashlight,10,6
Toys,3,11
Shampoo,4,11
Pencils,9,10
Makeup Remover,12,8
Campfire Grill,9,52
Camping Tent,4,12
Sleeping Pad,9,18
Mission: Impossible � Fallout,8,3
Multi-tool,6,17
Avatar,10,11
Lipstick,12,21
Inception,4,18
Pet Clothes,4,21
blue plush throw pillow,4,19
Mascara,12,3
Pet Clothes,2,13
Exfoliator,11,10
Feeding Station,7,18
Map and Compass,8,4
Map and Compass,11,30
Stapler,10,8
Water Bottle,1,32
Omega Speedmaster Professional,2,11
Apex Legends,5,22
Eyeshadow,2,32
intense poetry,10,8
Guardians of the Galaxy,5,3
Concealer,3,14
Flashlight,6,7
Pet Carrier,1,6
Fishing Rod,11,16
Pet Backpack,7,12
Adobe Photoshop,4,24
Assassin's Creed Valhalla,8,13
Dental Chews,3,15
Multi-tool,5,20
Litter Box,5,20
IWC Pilot�s Watch,5,16
Training Pads,2,15
Collar,5,22
Binders,10,50
Red Dead Redemption 2,6,17
Guardians of the Galaxy,3,5
Fire Starter,12,2
Cleanser,6,2
Backpack,3,10
Fishing Rod,8,14
Toner,11,19
Mad Max: Fury Road,6,30
Pet Backpack,9,5
Jaeger-LeCoultre Reverso,7,5
Hiking Boots,2,1
Body Lotion,12,15
Jaeger-LeCoultre Reverso,6,1
Pride and Prejudice,6,18
Foundation,12,19
Camping Chairs,2,11
Red Dead Redemption 2,9,11
Harness,1,7
Nail Polish,6,2
Perfume,5,3
Pet Nail Clippers,7,6
Outdoor Clothing,12,4
Food Bowl,6,7
Omega Speedmaster Professional,10,17
Toys,7,15
Patek Philippe Nautilus,7,59
Bug Spray,11,1
Sleeping Pad,12,16
Mascara,9,1
Cleanser,5,14
Pet Brush,4,9
Audemars Piguet Royal Oak,6,20
Harness,9,3
Grooming Brush,5,10
Patek Philippe Nautilus,9,28
Nail Polish,7,11
vanilla candle,7,17
Multi-tool,11,19
Litter Box,6,8
Water Bottle,11,18
Markers,12,7
Pencils,3,7
Horizon Forbidden West,7,37
Campfire Grill,8,4
Portable Charger,4,3
Toner,2,20
Pet Clothes,12,6
Binoculars,8,20
Flashlight,1,7
Pet Shampoo,7,18
Concealer,7,11
strawberry seeds,3,15
white plush throw pillow,8,2
Whiteboard,8,3
Camping Tent,11,12
Portable Charger,2,7
